<?xml version="1.0" encoding="UTF-8"?>
<con:soapui-project id="0a48a401-4b55-43fa-9b80-71b78e274da7" activeEnvironment="Default" name="Project 1" resourceRoot="${projectDir}" soapui-version="5.4.0" abortOnError="false" runType="SEQUENTIAL" xmlns:con="http://eviware.com/soapui/config"><con:settings/><con:restMockService id="cc2a148b-1072-4372-888a-1b5fc9b25fc2" port="8080" path="/" host="localhost" name="Login" docroot=""><con:settings/><con:properties/><con:restMockAction name="success" method="GET" resourcePath="/success" id="a92d80ab-1820-4a15-be46-dd1be865bfb8"><con:settings/><con:defaultResponse>loginSuccess</con:defaultResponse><con:dispatchStyle>SCRIPT</con:dispatchStyle><con:dispatchPath>/*
// Script dispatcher is used to select a response based on the incoming request.
// Here are few examples showing how to match based on path, query param, header and body

// Match based on path
def requestPath = mockRequest.getPath()
log.info "Path: "+ requestPath

if( requestPath.contains("json") )
{
    // return the name of the response you want to dispatch
    return "JSON Response"
}


// Match based on query parameter
def queryString = mockRequest.getRequest().getQueryString()
log.info "QueryString: " + queryString

if( queryString.contains("stockholm") )
{
    // return the name of the response you want to dispatch
    return "Response Stockholm"
}
else if( queryString.contains("london") )
{
    // return the name of the response you want to dispatch
    return "Response London"
}


// Match based on header
def acceptEncodingHeaderList = mockRequest.getRequestHeaders().get("Accept-Encoding")
log.info "AcceptEncoding Header List: " + acceptEncodingHeaderList

if( acceptEncodingHeaderList.contains("gzip,deflate") )
{
    // return the name of the response you want to dispatch
    return "GZiped Response"
}


// Match based on body
def requestBody = mockRequest.getRequestContent()
log.info "Request body: " + requestBody

if( requestBody.contains("some data") )
{
    // return the name of the response you want to dispatch
    return "Response N"
}
*/
</con:dispatchPath><con:response name="loginSuccess" id="73500b04-2da1-4575-8270-53d0bf06cc5f" httpResponseStatus="200" mediaType="application/json"><con:settings/><con:responseContent>{
	"user_id": 101,
	"user_Type": "Admin",
	"message": "Login successfylly!",
	"status":true

	
}
</con:responseContent></con:response><con:response name="failed" id="d3330542-48a2-4644-812b-884046a619dc" httpResponseStatus="200" mediaType="application/json"><con:settings/><con:responseContent>{
	"status": false,
	"message":"Login Failed !"
}</con:responseContent></con:response></con:restMockAction><con:restMockAction name="registation" method="POST" resourcePath="/registation" id="e3c2b8e7-aeac-469c-9e0c-9831160139fa"><con:settings/><con:defaultResponse xsi:nil="true" xmlns:xsi="http://www.w3.org/2001/XMLSchema-instance"/><con:dispatchStyle>SEQUENCE</con:dispatchStyle><con:dispatchPath>/*
// Script dispatcher is used to select a response based on the incoming request.
// Here are few examples showing how to match based on path, query param, header and body

// Match based on path
def requestPath = mockRequest.getPath()
log.info "Path: "+ requestPath

if( requestPath.contains("json") )
{
    // return the name of the response you want to dispatch
    return "JSON Response"
}


// Match based on query parameter
def queryString = mockRequest.getRequest().getQueryString()
log.info "QueryString: " + queryString

if( queryString.contains("stockholm") )
{
    // return the name of the response you want to dispatch
    return "Response Stockholm"
}
else if( queryString.contains("london") )
{
    // return the name of the response you want to dispatch
    return "Response London"
}


// Match based on header
def acceptEncodingHeaderList = mockRequest.getRequestHeaders().get("Accept-Encoding")
log.info "AcceptEncoding Header List: " + acceptEncodingHeaderList

if( acceptEncodingHeaderList.contains("gzip,deflate") )
{
    // return the name of the response you want to dispatch
    return "GZiped Response"
}


// Match based on body
def requestBody = mockRequest.getRequestContent()
log.info "Request body: " + requestBody

if( requestBody.contains("some data") )
{
    // return the name of the response you want to dispatch
    return "Response N"
}
*/
</con:dispatchPath><con:response name="success" id="4d434c45-1782-4b31-9e2e-b606cb50913b" httpResponseStatus="200" mediaType="application/json"><con:settings/><con:responseContent>{
	"user_id":101,
	"status":true,
	"session_Token":"daskjlk879798798",
	"message":"Registation successfylly !"
	
}
</con:responseContent><con:header><con:name>session_token</con:name><con:value/></con:header></con:response></con:restMockAction></con:restMockService><con:properties/><con:wssContainer/><con:oAuth2ProfileContainer/><con:oAuth1ProfileContainer/><con:sensitiveInformation/></con:soapui-project>